A,B,C,D,E,F,G,H,I,J,K,L,M,N,O,P,Q,R,S,T,U,V,W,X,Y,Z,AA,AB,AC,AD,AE,AF,AG,AH,AI,AJ,AK,AL,AM,AN,AO,AP,AQ,AR,AS,AT,AU,AV,AW,AX,AY,AZ,BA,BB,BC,BD,BE,BF,BG,BH,BI,BJ,BK,BL,BM,BN,BO,BP,BQ,BR,BS,BT,BU,BV,BW,BX,BY,BZ,CA,CB
A1,B1,C1,D1,E1,F1,G1,H1,I1,J1,K1,L1,M1,N1,O1,P1,Q1,R1,S1,T1,U1,V1,W1,X1,Y1,Z1,AA1,AB1,AC1,AD1,AE1,AF1,AG1,AH1,AI1,AJ1,AK1,AL1,AM1,AN1,AO1,AP1,AQ1,AR1,AS1,AT1,AU1,AV1,AW1,AX1,AY1,AZ1,BA1,BB1,BC1,BD1,BE1,BF1,BG1,BH1,BI1,BJ1,BK1,BL1,BM1,BN1,BO1,BP1,BQ1,BR1,BS1,BT1,BU1,BV1,BW1,BX1,BY1,BZ1,CA1,CB1
A2,B2,C2,D2,E2,F2,G2,H2,I2,J2,K2,L2,M2,N2,O2,P2,Q2,R2,S2,T2,U2,V2,W2,X2,Y2,Z2,AA2,AB2,AC2,AD2,AE2,AF2,AG2,AH2,AI2,AJ2,AK2,AL2,AM2,AN2,AO2,AP2,AQ2,AR2,AS2,AT2,AU2,AV2,AW2,AX2,AY2,AZ2,BA2,BB2,BC2,BD2,BE2,BF2,BG2,BH2,BI2,BJ2,BK2,BL2,BM2,BN2,BO2,BP2,BQ2,BR2,BS2,BT2,BU2,BV2,BW2,BX2,BY2,BZ2,CA2,CB2
A3,B3,C3,D3,E3,F3,G3,H3,I3,J3,K3,L3,M3,N3,O3,P3,Q3,R3,S3,T3,U3,V3,W3,X3,Y3,Z3,AA3,AB3,AC3,AD3,AE3,AF3,AG3,AH3,AI3,AJ3,AK3,AL3,AM3,AN3,AO3,AP3,AQ3,AR3,AS3,AT3,AU3,AV3,AW3,AX3,AY3,AZ3,BA3,BB3,BC3,BD3,BE3,BF3,BG3,BH3,BI3,BJ3,BK3,BL3,BM3,BN3,BO3,BP3,BQ3,BR3,BS3,BT3,BU3,BV3,BW3,BX3,BY3,BZ3,CA3,CB3
A4,B4,C4,D4,E4,F4,G4,H4,I4,J4,K4,L4,M4,N4,O4,P4,Q4,R4,S4,T4,U4,V4,W4,X4,Y4,Z4,AA4,AB4,AC4,AD4,AE4,AF4,AG4,AH4,AI4,AJ4,AK4,AL4,AM4,AN4,AO4,AP4,AQ4,AR4,AS4,AT4,AU4,AV4,AW4,AX4,AY4,AZ4,BA4,BB4,BC4,BD4,BE4,BF4,BG4,BH4,BI4,BJ4,BK4,BL4,BM4,BN4,BO4,BP4,BQ4,BR4,BS4,BT4,BU4,BV4,BW4,BX4,BY4,BZ4,CA4,CB4
A5,B5,C5,D5,E5,F5,G5,H5,I5,J5,K5,L5,M5,N5,O5,P5,Q5,R5,S5,T5,U5,V5,W5,X5,Y5,Z5,AA5,AB5,AC5,AD5,AE5,AF5,AG5,AH5,AI5,AJ5,AK5,AL5,AM5,AN5,AO5,AP5,AQ5,AR5,AS5,AT5,AU5,AV5,AW5,AX5,AY5,AZ5,BA5,BB5,BC5,BD5,BE5,BF5,BG5,BH5,BI5,BJ5,BK5,BL5,BM5,BN5,BO5,BP5,BQ5,BR5,BS5,BT5,BU5,BV5,BW5,BX5,BY5,BZ5,CA5,CB5
A6,B6,C6,D6,E6,F6,G6,H6,I6,J6,K6,L6,M6,N6,O6,P6,Q6,R6,S6,T6,U6,V6,W6,X6,Y6,Z6,AA6,AB6,AC6,AD6,AE6,AF6,AG6,AH6,AI6,AJ6,AK6,AL6,AM6,AN6,AO6,AP6,AQ6,AR6,AS6,AT6,AU6,AV6,AW6,AX6,AY6,AZ6,BA6,BB6,BC6,BD6,BE6,BF6,BG6,BH6,BI6,BJ6,BK6,BL6,BM6,BN6,BO6,BP6,BQ6,BR6,BS6,BT6,BU6,BV6,BW6,BX6,BY6,BZ6,CA6,CB6
A7,B7,C7,D7,E7,F7,G7,H7,I7,J7,K7,L7,M7,N7,O7,P7,Q7,R7,S7,T7,U7,V7,W7,X7,Y7,Z7,AA7,AB7,AC7,AD7,AE7,AF7,AG7,AH7,AI7,AJ7,AK7,AL7,AM7,AN7,AO7,AP7,AQ7,AR7,AS7,AT7,AU7,AV7,AW7,AX7,AY7,AZ7,BA7,BB7,BC7,BD7,BE7,BF7,BG7,BH7,BI7,BJ7,BK7,BL7,BM7,BN7,BO7,BP7,BQ7,BR7,BS7,BT7,BU7,BV7,BW7,BX7,BY7,BZ7,CA7,CB7
A8,B8,C8,D8,E8,F8,G8,H8,I8,J8,K8,L8,M8,N8,O8,P8,Q8,R8,S8,T8,U8,V8,W8,X8,Y8,Z8,AA8,AB8,AC8,AD8,AE8,AF8,AG8,AH8,AI8,AJ8,AK8,AL8,AM8,AN8,AO8,AP8,AQ8,AR8,AS8,AT8,AU8,AV8,AW8,AX8,AY8,AZ8,BA8,BB8,BC8,BD8,BE8,BF8,BG8,BH8,BI8,BJ8,BK8,BL8,BM8,BN8,BO8,BP8,BQ8,BR8,BS8,BT8,BU8,BV8,BW8,BX8,BY8,BZ8,CA8,CB8
A9,B9,C9,D9,E9,F9,G9,H9,I9,J9,K9,L9,M9,N9,O9,P9,Q9,R9,S9,T9,U9,V9,W9,X9,Y9,Z9,AA9,AB9,AC9,AD9,AE9,AF9,AG9,AH9,AI9,AJ9,AK9,AL9,AM9,AN9,AO9,AP9,AQ9,AR9,AS9,AT9,AU9,AV9,AW9,AX9,AY9,AZ9,BA9,BB9,BC9,BD9,BE9,BF9,BG9,BH9,BI9,BJ9,BK9,BL9,BM9,BN9,BO9,BP9,BQ9,BR9,BS9,BT9,BU9,BV9,BW9,BX9,BY9,BZ9,CA9,CB9
A10,B10,C10,D10,E10,F10,G10,H10,I10,J10,K10,L10,M10,N10,O10,P10,Q10,R10,S10,T10,U10,V10,W10,X10,Y10,Z10,AA10,AB10,AC10,AD10,AE10,AF10,AG10,AH10,AI10,AJ10,AK10,AL10,AM10,AN10,AO10,AP10,AQ10,AR10,AS10,AT10,AU10,AV10,AW10,AX10,AY10,AZ10,BA10,BB10,BC10,BD10,BE10,BF10,BG10,BH10,BI10,BJ10,BK10,BL10,BM10,BN10,BO10,BP10,BQ10,BR10,BS10,BT10,BU10,BV10,BW10,BX10,BY10,BZ10,CA10,CB10
A11,B11,C11,D11,E11,F11,G11,H11,I11,J11,K11,L11,M11,N11,O11,P11,Q11,R11,S11,T11,U11,V11,W11,X11,Y11,Z11,AA11,AB11,AC11,AD11,AE11,AF11,AG11,AH11,AI11,AJ11,AK11,AL11,AM11,AN11,AO11,AP11,AQ11,AR11,AS11,AT11,AU11,AV11,AW11,AX11,AY11,AZ11,BA11,BB11,BC11,BD11,BE11,BF11,BG11,BH11,BI11,BJ11,BK11,BL11,BM11,BN11,BO11,BP11,BQ11,BR11,BS11,BT11,BU11,BV11,BW11,BX11,BY11,BZ11,CA11,CB11
A12,B12,C12,D12,E12,F12,G12,H12,I12,J12,K12,L12,M12,N12,O12,P12,Q12,R12,S12,T12,U12,V12,W12,X12,Y12,Z12,AA12,AB12,AC12,AD12,AE12,AF12,AG12,AH12,AI12,AJ12,AK12,AL12,AM12,AN12,AO12,AP12,AQ12,AR12,AS12,AT12,AU12,AV12,AW12,AX12,AY12,AZ12,BA12,BB12,BC12,BD12,BE12,BF12,BG12,BH12,BI12,BJ12,BK12,BL12,BM12,BN12,BO12,BP12,BQ12,BR12,BS12,BT12,BU12,BV12,BW12,BX12,BY12,BZ12,CA12,CB12
A13,B13,C13,D13,E13,F13,G13,H13,I13,J13,K13,L13,M13,N13,O13,P13,Q13,R13,S13,T13,U13,V13,W13,X13,Y13,Z13,AA13,AB13,AC13,AD13,AE13,AF13,AG13,AH13,AI13,AJ13,AK13,AL13,AM13,AN13,AO13,AP13,AQ13,AR13,AS13,AT13,AU13,AV13,AW13,AX13,AY13,AZ13,BA13,BB13,BC13,BD13,BE13,BF13,BG13,BH13,BI13,BJ13,BK13,BL13,BM13,BN13,BO13,BP13,BQ13,BR13,BS13,BT13,BU13,BV13,BW13,BX13,BY13,BZ13,CA13,CB13
A14,B14,C14,D14,E14,F14,G14,H14,I14,J14,K14,L14,M14,N14,O14,P14,Q14,R14,S14,T14,U14,V14,W14,X14,Y14,Z14,AA14,AB14,AC14,AD14,AE14,AF14,AG14,AH14,AI14,AJ14,AK14,AL14,AM14,AN14,AO14,AP14,AQ14,AR14,AS14,AT14,AU14,AV14,AW14,AX14,AY14,AZ14,BA14,BB14,BC14,BD14,BE14,BF14,BG14,BH14,BI14,BJ14,BK14,BL14,BM14,BN14,BO14,BP14,BQ14,BR14,BS14,BT14,BU14,BV14,BW14,BX14,BY14,BZ14,CA14,CB14
A15,B15,C15,D15,E15,F15,G15,H15,I15,J15,K15,L15,M15,N15,O15,P15,Q15,R15,S15,T15,U15,V15,W15,X15,Y15,Z15,AA15,AB15,AC15,AD15,AE15,AF15,AG15,AH15,AI15,AJ15,AK15,AL15,AM15,AN15,AO15,AP15,AQ15,AR15,AS15,AT15,AU15,AV15,AW15,AX15,AY15,AZ15,BA15,BB15,BC15,BD15,BE15,BF15,BG15,BH15,BI15,BJ15,BK15,BL15,BM15,BN15,BO15,BP15,BQ15,BR15,BS15,BT15,BU15,BV15,BW15,BX15,BY15,BZ15,CA15,CB15
A16,B16,C16,D16,E16,F16,G16,H16,I16,J16,K16,L16,M16,N16,O16,P16,Q16,R16,S16,T16,U16,V16,W16,X16,Y16,Z16,AA16,AB16,AC16,AD16,AE16,AF16,AG16,AH16,AI16,AJ16,AK16,AL16,AM16,AN16,AO16,AP16,AQ16,AR16,AS16,AT16,AU16,AV16,AW16,AX16,AY16,AZ16,BA16,BB16,BC16,BD16,BE16,BF16,BG16,BH16,BI16,BJ16,BK16,BL16,BM16,BN16,BO16,BP16,BQ16,BR16,BS16,BT16,BU16,BV16,BW16,BX16,BY16,BZ16,CA16,CB16
A17,B17,C17,D17,E17,F17,G17,H17,I17,J17,K17,L17,M17,N17,O17,P17,Q17,R17,S17,T17,U17,V17,W17,X17,Y17,Z17,AA17,AB17,AC17,AD17,AE17,AF17,AG17,AH17,AI17,AJ17,AK17,AL17,AM17,AN17,AO17,AP17,AQ17,AR17,AS17,AT17,AU17,AV17,AW17,AX17,AY17,AZ17,BA17,BB17,BC17,BD17,BE17,BF17,BG17,BH17,BI17,BJ17,BK17,BL17,BM17,BN17,BO17,BP17,BQ17,BR17,BS17,BT17,BU17,BV17,BW17,BX17,BY17,BZ17,CA17,CB17
A18,B18,C18,D18,E18,F18,G18,H18,I18,J18,K18,L18,M18,N18,O18,P18,Q18,R18,S18,T18,U18,V18,W18,X18,Y18,Z18,AA18,AB18,AC18,AD18,AE18,AF18,AG18,AH18,AI18,AJ18,AK18,AL18,AM18,AN18,AO18,AP18,AQ18,AR18,AS18,AT18,AU18,AV18,AW18,AX18,AY18,AZ18,BA18,BB18,BC18,BD18,BE18,BF18,BG18,BH18,BI18,BJ18,BK18,BL18,BM18,BN18,BO18,BP18,BQ18,BR18,BS18,BT18,BU18,BV18,BW18,BX18,BY18,BZ18,CA18,CB18
A19,B19,C19,D19,E19,F19,G19,H19,I19,J19,K19,L19,M19,N19,O19,P19,Q19,R19,S19,T19,U19,V19,W19,X19,Y19,Z19,AA19,AB19,AC19,AD19,AE19,AF19,AG19,AH19,AI19,AJ19,AK19,AL19,AM19,AN19,AO19,AP19,AQ19,AR19,AS19,AT19,AU19,AV19,AW19,AX19,AY19,AZ19,BA19,BB19,BC19,BD19,BE19,BF19,BG19,BH19,BI19,BJ19,BK19,BL19,BM19,BN19,BO19,BP19,BQ19,BR19,BS19,BT19,BU19,BV19,BW19,BX19,BY19,BZ19,CA19,CB19
A20,B20,C20,D20,E20,F20,G20,H20,I20,J20,K20,L20,M20,N20,O20,P20,Q20,R20,S20,T20,U20,V20,W20,X20,Y20,Z20,AA20,AB20,AC20,AD20,AE20,AF20,AG20,AH20,AI20,AJ20,AK20,AL20,AM20,AN20,AO20,AP20,AQ20,AR20,AS20,AT20,AU20,AV20,AW20,AX20,AY20,AZ20,BA20,BB20,BC20,BD20,BE20,BF20,BG20,BH20,BI20,BJ20,BK20,BL20,BM20,BN20,BO20,BP20,BQ20,BR20,BS20,BT20,BU20,BV20,BW20,BX20,BY20,BZ20,CA20,CB20
A21,B21,C21,D21,E21,F21,G21,H21,I21,J21,K21,L21,M21,N21,O21,P21,Q21,R21,S21,T21,U21,V21,W21,X21,Y21,Z21,AA21,AB21,AC21,AD21,AE21,AF21,AG21,AH21,AI21,AJ21,AK21,AL21,AM21,AN21,AO21,AP21,AQ21,AR21,AS21,AT21,AU21,AV21,AW21,AX21,AY21,AZ21,BA21,BB21,BC21,BD21,BE21,BF21,BG21,BH21,BI21,BJ21,BK21,BL21,BM21,BN21,BO21,BP21,BQ21,BR21,BS21,BT21,BU21,BV21,BW21,BX21,BY21,BZ21,CA21,CB21
A22,B22,C22,D22,E22,F22,G22,H22,I22,J22,K22,L22,M22,N22,O22,P22,Q22,R22,S22,T22,U22,V22,W22,X22,Y22,Z22,AA22,AB22,AC22,AD22,AE22,AF22,AG22,AH22,AI22,AJ22,AK22,AL22,AM22,AN22,AO22,AP22,AQ22,AR22,AS22,AT22,AU22,AV22,AW22,AX22,AY22,AZ22,BA22,BB22,BC22,BD22,BE22,BF22,BG22,BH22,BI22,BJ22,BK22,BL22,BM22,BN22,BO22,BP22,BQ22,BR22,BS22,BT22,BU22,BV22,BW22,BX22,BY22,BZ22,CA22,CB22
A23,B23,C23,D23,E23,F23,G23,H23,I23,J23,K23,L23,M23,N23,O23,P23,Q23,R23,S23,T23,U23,V23,W23,X23,Y23,Z23,AA23,AB23,AC23,AD23,AE23,AF23,AG23,AH23,AI23,AJ23,AK23,AL23,AM23,AN23,AO23,AP23,AQ23,AR23,AS23,AT23,AU23,AV23,AW23,AX23,AY23,AZ23,BA23,BB23,BC23,BD23,BE23,BF23,BG23,BH23,BI23,BJ23,BK23,BL23,BM23,BN23,BO23,BP23,BQ23,BR23,BS23,BT23,BU23,BV23,BW23,BX23,BY23,BZ23,CA23,CB23
A24,B24,C24,D24,E24,F24,G24,H24,I24,J24,K24,L24,M24,N24,O24,P24,Q24,R24,S24,T24,U24,V24,W24,X24,Y24,Z24,AA24,AB24,AC24,AD24,AE24,AF24,AG24,AH24,AI24,AJ24,AK24,AL24,AM24,AN24,AO24,AP24,AQ24,AR24,AS24,AT24,AU24,AV24,AW24,AX24,AY24,AZ24,BA24,BB24,BC24,BD24,BE24,BF24,BG24,BH24,BI24,BJ24,BK24,BL24,BM24,BN24,BO24,BP24,BQ24,BR24,BS24,BT24,BU24,BV24,BW24,BX24,BY24,BZ24,CA24,CB24
